{
    "0": {
        "precision": 0.967391304347826,
        "recall": 0.89,
        "f1-score": 0.9270833333333334,
        "support": 100.0
    },
    "1": {
        "precision": 0.9026548672566371,
        "recall": 0.9714285714285714,
        "f1-score": 0.9357798165137615,
        "support": 105.0
    },
    "accuracy": 0.9317073170731708,
    "macro avg": {
        "precision": 0.9350230858022316,
        "recall": 0.9307142857142857,
        "f1-score": 0.9314315749235474,
        "support": 205.0
    },
    "weighted avg": {
        "precision": 0.9342336170572171,
        "recall": 0.9317073170731708,
        "f1-score": 0.9315376295964795,
        "support": 205.0
    }
}