{
    "0": {
        "precision": 0.967032967032967,
        "recall": 0.88,
        "f1-score": 0.9214659685863874,
        "support": 100.0
    },
    "1": {
        "precision": 0.8947368421052632,
        "recall": 0.9714285714285714,
        "f1-score": 0.9315068493150684,
        "support": 105.0
    },
    "accuracy": 0.926829268292683,
    "macro avg": {
        "precision": 0.9308849045691151,
        "recall": 0.9257142857142857,
        "f1-score": 0.9264864089507279,
        "support": 205.0
    },
    "weighted avg": {
        "precision": 0.9300032445090212,
        "recall": 0.926829268292683,
        "f1-score": 0.9266088587157119,
        "support": 205.0
    }
}